quantity,mean_val,2sig_lower,2sig_upper,1sig_lower,1sig_upper
beta_0_phi_mem,0.12286238052500001,0.10670022500000001,0.13821005,0.11560088,0.13007032
beta_0_phi_peri,0.2761572255,0.20160957499999999,0.36815535,0.23650456,0.31492248
beta_1_phi_mem,-0.03843482787503,-0.11770775,0.04330031500000003,-0.075035884,-0.001698328000000007
beta_1_phi_peri,-7.06714433,-8.90438975,-5.207035,-7.9242332,-6.1804664
kappa,133.954082,126.48179999999999,141.251025,130.544,137.39216
sigma,0.6189403637499999,0.41583095000000003,0.9373238500000001,0.4939488,0.74185824
sigma_phi_mem,0.008278154337499998,0.00550686775,0.013138370000000003,0.0065110752,0.009977053999999999
sigma_phi_peri,0.010969408982500001,0.0072531385,0.017262635000000002,0.0086198848,0.013283067999999999
