quantity,source,growth_rate_hr,median_value,97.5%,2.5%
ms_rho_mem,Caglar et al. 2017,0.7747553284413429,3.383355,1.5917379999999999,4.355451
