quantity,median,mean,sig2_lower,sig2_upper,sig1_lower,sig1_upper
beta_0_psi_mem,0.1228625,0.122929150775,0.10723875000000001,0.13894835,0.11508472,0.13032027999999998
beta_0_psi_peri,0.26078650000000003,0.262263267,0.210438675,0.3210178,0.23516772,0.28933912
beta_1_psi_mem,-0.03854635,-0.039005405656600003,-0.12011435,0.04234078500000001,-0.077167324,-0.0002793062800000247
beta_1_psi_peri,-7.195895,-7.1985745125000005,-8.471623,-5.883888750000001,-7.835814,-6.567042
kappa,134.52749999999997,134.53961675,127.238675,141.66942500000002,131.09736,137.90112
sigma,0.6200885,0.6417531830000001,0.4354637,0.968366,0.51230004,0.77048216
sigma_psi_mem,0.008009795,0.00835489815,0.0055538589999999995,0.013206102500000002,0.0065353908,0.010118712
sigma_psi_peri,0.006928925,0.007198337805,0.0047500395,0.011194415000000001,0.0056744479999999995,0.0086833296
