quantity,median_value,97.5%,2.5%
alpha_mu,3.0587549999999997,2.89567775,3.22744025
drymass_mu,287.0915,281.74372500000004,292.257225
kappa,106.6385,92.5716575,123.26847500000001
log_prot_intercept,4.772130000000001,4.641416,4.900613750000001
log_prot_slope,0.7776430000000001,0.668863325,0.891374875
m_peri,10.06555,9.026599749999999,11.132105
phi_mem_mu,0.124501,0.11842984999999999,0.130504225
rho_mem_mu,2.692275,2.3408937499999998,3.098332
