quantity,median_value,97.5%,2.5%
alpha_mu,3.061595,2.893233,3.2244052500000002
drymass_mu,287.095,281.7799,292.549025
kappa,106.45849999999999,93.076275,122.14085
log_prot_intercept,4.77159,4.6411145,4.896903
log_prot_slope,0.7812675,0.6710008000000001,0.890068525
m_peri,10.0481,9.037740000000001,11.136032499999999
phi_mem_mu,0.124525,0.118144,0.130995
rho_mem_mu,2.69653,2.356276,3.07876125
