quantity,median_value,97.5%,2.5%
alpha_mu,3.06191,2.896657,3.2226105
drymass_mu,287.078,281.930775,292.185375
kappa,106.513,93.31107250000001,123.001
log_prot_intercept,4.771084999999999,4.64592925,4.905222500000001
log_prot_slope,0.7776460000000001,0.669827125,0.885200825
m_peri,10.04295,9.06069025,11.156585
phi_mem_mu,0.124533,0.118176575,0.1307472
rho_mem_mu,2.69458,2.33886625,3.071403
