quantity,median_value,97.5%,2.5%
alpha_mu,3.59348,3.20400125,3.99586625
drymass_mu,287.1005,281.89575,292.24415000000005
kappa,109.906,95.9047625,126.024
m_peri,9.92069,8.93008825,10.983410000000001
phi_mem_mu,0.124562,0.1182348,0.1310021
rho_mem_mu,2.6135099999999998,2.28615975,2.9884965
