quantity,median_value,97.5%,2.5%
alpha_mu,3.5847249999999997,3.1729445000000003,3.9922985
drymass_mu,286.9805,279.2795,294.78225
m_peri,9.936415,8.92013875,11.00682
phi_mem_mu,0.124498,0.11844382499999999,0.130529375
rho_mem_mu,2.61935,2.28008625,3.01012325
