quantity,median,mean,sig2_lower,sig2_upper,sig1_lower,sig1_upper
beta_0_phi_mem,0.122648,0.12258717697499999,0.10586125,0.13879607500000002,0.11503872,0.13039991999999997
beta_0_phi_peri,0.2722115,0.2751501695,0.204670025,0.36037357500000006,0.23664892,0.31311812
beta_1_phi_mem,-0.037479,-0.037350259605635004,-0.121021575,0.04795720000000005,-0.07594988,0.0011443963999999973
beta_1_phi_peri,-7.02013,-7.042984297499999,-8.7756685,-5.316256,-7.9114144,-6.1790579999999995
kappa,134.057,134.03389675000003,126.977575,140.7165,130.83411999999998,137.33048000000002
sigma,0.5988395,0.6157655085,0.42425884999999997,0.929129925,0.49984120000000004,0.72790296
sigma_phi_mem,0.008046275,0.0083761257775,0.005530815499999999,0.013034900000000002,0.0065218244,0.01024396
sigma_phi_peri,0.010345,0.010793787365,0.00719086375,0.0169161825,0.0085507176,0.013098664
