quantity,mean,2sig_lower,2sig_upper,1sig_lower,1sig_upper
beta_0_phi_mem,0.1224466306,0.1060159,0.138493025,0.11463092,0.13022148
beta_0_phi_peri,0.27376004700000006,0.201260625,0.36162580000000005,0.23450988,0.31204664
beta_1_phi_mem,-0.036451824629349996,-0.116188075,0.0450111175,-0.076307584,0.002944280399999999
beta_1_phi_peri,-7.0181909925,-8.8293985,-5.216312249999999,-7.9062016,-6.1271128
kappa,134.00093075,126.898775,140.823,130.66252,137.251
sigma,0.6242684624999999,0.421098625,0.9367301000000001,0.49917112,0.7485952799999999
sigma_phi_mem,0.008382638310000001,0.0054993265,0.01307619,0.0065691388,0.010149844
sigma_phi_peri,0.010908478517499999,0.007138145,0.017386230000000003,0.0085201672,0.01321406
