quantity,mean,2sig_lower,2sig_upper,1sig_lower,1sig_upper
beta_0_phi_mem,0.12267429939999999,0.10598677499999999,0.139342625,0.11510084,0.13018359999999998
beta_0_phi_peri,0.2742807055,0.20368235,0.363677375,0.23681928,0.31242232
beta_1_phi_mem,-0.03741365330444999,-0.12087717499999999,0.05043418,-0.075624832,0.002235411599999983
beta_1_phi_peri,-7.036018285,-8.88196325,-5.308303749999999,-7.9000508,-6.189205599999999
kappa,133.98011625,126.84375,140.73845,130.74284,137.3328
sigma,0.6192503607500001,0.42285327500000003,0.9386312250000002,0.49744812,0.74041464
sigma_phi_mem,0.008392302145,0.0054719695,0.013216977500000004,0.0065588348,0.010235632
sigma_phi_peri,0.0108514223125,0.0072059392500000005,0.0168700525,0.0085539224,0.013046143999999999
