quantity,median,mean,sig2_lower,sig2_upper,sig1_lower,sig1_upper
beta_0_phi_mem,0.12275849999999999,0.12282776484999999,0.107299,0.1385384,0.115296,0.13022332
beta_0_phi_peri,0.2608205,0.26200656675000006,0.207465275,0.32216385,0.23504492,0.28952471999999996
beta_1_phi_mem,-0.03828825,-0.038496780071705004,-0.1202147,0.042414035000000044,-0.075506852,0.00042769407999999345
beta_1_phi_peri,-7.1923200000000005,-7.1899774225,-8.5018435,-5.821066749999999,-7.8411244,-6.565692
kappa,134.70350000000002,134.63799575000002,127.58915,141.57502499999998,131.175,138.06132
sigma,0.6206315,0.64174939,0.441495825,0.96286875,0.51762644,0.7666492399999999
sigma_phi_mem,0.007952785,0.0082582258975,0.00553061125,0.0127977525,0.006525227200000001,0.009964880399999999
sigma_phi_peri,0.00691691,0.0072160999225,0.004795588,0.011347375,0.0056803972,0.0087723784
