quantity,median_value,97.5%,2.5%
alpha_mu,3.05922,2.900203,3.2159362500000004
drymass_mu,287.087,281.8744,292.34805
kappa,106.821,92.749935,122.31707499999999
log_prot_intercept,4.7721350000000005,4.64336725,4.8943445
log_prot_slope,0.7799039999999999,0.671625075,0.88274135
m_peri,10.05935,9.03935475,11.137902500000001
phi_mem_mu,0.124602,0.118445725,0.13065345
rho_mem_mu,2.68634,2.3515475,3.09236025
