quantity,median,mean,sig2_lower,sig2_upper,sig1_lower,sig1_upper
beta_0_phi_mem,0.1227315,0.12264504042499999,0.1069185,0.13808285,0.11528608,0.1302006
beta_0_phi_peri,0.26134999999999997,0.26291809450000003,0.20965885,0.325385575,0.2357976,0.290477
beta_1_phi_mem,-0.0375111,-0.037270957418640005,-0.11572349999999999,0.04393018750000002,-0.075193816,-1.3386920800003615e-05
beta_1_phi_peri,-7.197595,-7.2071752125,-8.57359475,-5.84940425,-7.8557064,-6.5666124
kappa,134.5455,134.50071025,127.203,141.508675,131.03472,138.00032
sigma,0.620031,0.63978674325,0.43860657500000005,0.9551864500000002,0.5131488,0.76334348
sigma_phi_mem,0.00797915,0.00828525752,0.00551819075,0.012993985,0.0065165792,0.009989173999999998
sigma_phi_peri,0.0069965949999999996,0.007264702242500001,0.0047669245,0.011191655,0.0056364936,0.008832990399999999
