quantity,median_value,97.5%,2.5%
alpha_mu,3.0582700000000003,2.89714525,3.21991425
drymass_mu,287.08050000000003,281.832775,292.256225
kappa,106.87899999999999,93.1636975,122.36810000000001
log_prot_intercept,4.77145,4.6442777500000005,4.89363275
log_prot_slope,0.779783,0.6785289,0.886337575
m_peri,10.03925,9.0503545,11.121985
phi_mem_mu,0.1245535,0.11829387499999999,0.13078005
rho_mem_mu,2.68762,2.34488475,3.0680235000000002
