quantity,median_value,97.5%,2.5%
alpha_mu,3.060495,2.90633875,3.2144619999999997
drymass_mu,287.0925,281.88595000000004,292.2441
kappa,107.009,93.030855,122.88329999999999
log_prot_intercept,4.769105,4.640408,4.8979915
log_prot_slope,0.780192,0.6714343,0.89142785
m_peri,10.0351,9.048503,11.105757500000001
phi_mem_mu,0.12462000000000001,0.11821975000000001,0.13078415000000002
rho_mem_mu,2.682515,2.3403180000000003,3.08103375
