quantity,median,mean,sig2_lower,sig2_upper,sig1_lower,sig1_upper
beta_0_phi_mem,0.12267600000000001,0.12262363512499999,0.106772975,0.13872215000000002,0.11457656,0.13045004000000002
beta_0_phi_peri,0.2609065,0.26205372750000006,0.210502625,0.32299197500000004,0.23528204,0.28795580000000004
beta_1_phi_mem,-0.03753235,-0.0373165207734225,-0.1173186,0.04547205,-0.07659002,0.002865699599999997
beta_1_phi_peri,-7.1895,-7.19027529,-8.52436325,-5.9021775000000005,-7.8083956,-6.5694388
kappa,134.531,134.51493725000003,127.56949999999999,141.46949999999998,131.22351999999998,137.907
sigma,0.6178035,0.63906632575,0.437831425,0.9555721,0.51251908,0.76753352
sigma_phi_mem,0.007969480000000001,0.008293481852500001,0.0055050507500000005,0.013006427500000002,0.0065782876,0.009982200399999999
sigma_phi_peri,0.006861055,0.007160401699999999,0.00471899025,0.011307150000000002,0.0056225452,0.0086739832
