2.5%,12.5%,25%,45%,55%,75%,87.5%,97.5%,mean,median,carbon_source,strain
1.8115720000000002,1.92839375,1.976145,2.02634,2.0452589999999997,2.0900724999999998,2.129805,2.20927125,2.0295006250000007,2.03632,LB,wildtype
0.332041475,0.33753075000000005,0.34046275,0.343752,0.34535005,0.34904275,0.352725,0.35935327499999997,0.3448852257499996,0.3445155,acetate,wildtype
0.8409035,0.855483,0.86341725,0.87205315,0.8760099,0.884847,0.8921766250000001,0.9069961,0.873961320999997,0.873974,glucose,wildtype
1.12570675,1.1480112500000001,1.15817,1.1693255,1.17434,1.185625,1.1961,1.2168729999999999,1.1717712524999995,1.17178,glucoseCAA,wildtype
0.5790960500000001,0.60305425,0.61377025,0.62443745,0.6293166,0.6401865,0.65040025,0.672802,0.6268155884999984,0.6269865,glycerol,wildtype
0.269801475,0.37754437500000004,0.414513,0.4413697,0.45256735,0.48060200000000003,0.518893375,0.646506,0.4491202147750006,0.446173,sorbitol,wildtype
