2.5%,12.5%,25%,45%,55%,75%,87.5%,97.5%,mean,median,carbon_source,strain
1.6519504999999999,1.90037375,1.973595,2.0389355,2.0627945000000003,2.11522,2.16173,2.26273125,2.0307882607499934,2.050595,LB,wildtype
0.33613855000000004,0.342767625,0.346745,0.35116155,0.3531048,0.357764,0.36199024999999996,0.370161375,0.3523682879166661,0.3521165,acetate,wildtype
0.8391075,0.853638625,0.86151775,0.86991105,0.87386535,0.88254425,0.890495,0.9043371499999999,0.8719280814166651,0.8719205,glucose,wildtype
1.123993,1.1470162499999998,1.1577,1.1702855,1.17572,1.1879325,1.1992037500000001,1.2217907499999998,1.1730033575000007,1.17297,glucoseCAA,wildtype
0.578867475,0.6020433749999999,0.61271,0.623773,0.6287666,0.63967625,0.650539,0.673422125,0.6262078861666669,0.626181,glycerol,wildtype
0.28837875,0.38746225,0.419379,0.445296,0.45613125,0.48455149999999997,0.525031125,0.6717175,0.4576552799833301,0.450842,sorbitol,wildtype
