2.5%,12.5%,25%,45%,55%,75%,87.5%,97.5%,mean,median,carbon_source,strain
1.7827190000000002,1.92214375,1.977455,2.0266830000000002,2.0485889999999998,2.0911549999999997,2.1314349999999997,2.21880575,2.0287088775000015,2.036715,LB,wildtype
0.33225292500000003,0.337667375,0.34053675,0.3439852,0.34558505,0.3494655,0.35342212500000003,0.361064925,0.34525046099999995,0.344732,acetate,wildtype
0.8414605749999999,0.855175,0.8625935,0.87119095,0.8750297,0.8839695,0.8918105000000001,0.904444625,0.8732308347499982,0.8731925,glucose,wildtype
1.1271712500000002,1.14793375,1.1592,1.1701565,1.17556,1.1874,1.19820375,1.21851125,1.1730190074999984,1.172795,glucoseCAA,wildtype
0.5814128000000001,0.603093125,0.61355025,0.6242013,0.6289686,0.6396632499999999,0.65073975,0.6712622500000001,0.6266351590000014,0.626464,glycerol,wildtype
0.278499175,0.38325975,0.41689375,0.44133890000000003,0.45182680000000003,0.4785335,0.5131625,0.594501625,0.4461144395249999,0.446408,sorbitol,wildtype
