carbon_source,growth_rate_hr,fg_rna_per_cell_mu,fg_rna_per_cell_sigma,fg_protein_per_cell_mu,fg_protein_per_cell_sigma
LB,2.2708142342170285,272.7037360569926,43.620151641602476,676.3726833946696,111.0506721604372
acetate,0.3694793729696594,42.98341031200875,6.997314181758008,257.41103907930056,41.18690029372827
glucose,0.8716150360198471,91.08764172549051,9.691347973875263,433.35158525790445,55.647450810731684
glucoseCAA,1.3899655928024508,133.55087866733828,8.606253774558413,508.44977615331254,95.34551790832435
glycerol,0.6530573951223618,49.209655334959685,17.38194325400924,220.37114142439097,73.15092104332138
sorbitol,0.61389262889115,47.2189262756393,11.98236074934871,274.701672423554,59.996191680139
