growth_rate_hr,rna_protein_ratio
2.7717,0.676697063367666
1.9091,0.544855051866109
1.3133,0.427257194807393
0.9663,0.330169143068639
0.9555,0.319382450805923
0.7107,0.24096196591585
0.7165,0.27741579332406
0.4633,0.187410064627053
0.47375,0.182590468709616